ticker,spot,volatility,rate,expiry
yfinance.Ticker object <NVDA>,214.72000122070312,"Date
2025-08-25 00:00:00-04:00    0.010225
2025-08-26 00:00:00-04:00    0.010900
2025-08-27 00:00:00-04:00   -0.000935
2025-08-28 00:00:00-04:00   -0.007875
2025-08-29 00:00:00-04:00   -0.033246
                               ...   
2026-08-17 00:00:00-04:00   -0.000666
2026-08-18 00:00:00-04:00   -0.023421
2026-08-19 00:00:00-04:00   -0.009921
2026-08-20 00:00:00-04:00   -0.003263
2026-08-21 00:00:00-04:00   -0.009822
Name: Close, Length: 250, dtype: float64",0.038,2026-08-24
